geographicAreaM49,1990,1991,1992,1993,1994,1995,1996,1997,1998,1999,2000,2001,2002,2003,2004,2005,2006,2007,2008,2009,2010,2011,2012,2013,2014,2015,2016,2017
4,8857198967,7889052491,8016421162,6015126606,4676087149,7011072593,6641567623,6300127045,6014180989,5722291837,5407370305,5100465342,8415634218,9108107156,9321437853,10244402684,11182908162,14229290461,13285507812,15573930383,16077921038,17473629021,19383466476,20638726902,21271156433,20890161271,21633660718,22174502236
8,6036855091,4346406405,4034025275,4419654394,4786612456,5424300831,5918006639,5276621617,5742512964,6482763763,6933075239,7508055387,7848663455,8282587008,8739355191,9222333225,9766689176,10351054136,11127392488,11500636224,11926948284,12230541057,12403876215,12528161452,12750472056,13033373416,13470272844,13987715011
12,92018155325,90913936924,92550389880,90606830990,89791372638,93203440120,97024779739,98092052256,1.03095E+11,1.06394E+11,1.10437E+11,1.1375E+11,1.2012E+11,1.28768E+11,1.34306E+11,1.4223E+11,1.44647E+11,1.49565E+11,1.53155E+11,1.55606E+11,1.61207E+11,1.65882E+11,1.71522E+11,1.76325E+11,1.83025E+11,1.89797E+11,1.95871E+11,1.98613E+11
20,1995789298,2046602106,2065619448,2044312753,2093032720,2150747972,2250752201,2454843073,2533270104,2637110900,2667853998,2789155139,2969641777,3331009166,3585760410,3850998488,4025693378,4027304101,3681358526,3545492338,3355495581,3199581034,3147900820,3158970256,3230921589,3258132524,3319682700,3376914768
24,31880327955,32196376550,30316661701,23045690173,23354355726,26857509085,30495189422,32713494082,34248131993,34995251476,36064224909,37196641571,42601313591,43875028106,48680699612,55997018565,62519526180,71278093250,79235899160,79916180134,83799478065,86708979448,94115788224,98778840095,1.03543E+11,1.0452E+11,1.01823E+11,99277301098
660,121344191.1,99301866.84,127805868.3,137296198.5,148288476.9,144847200.6,148478283.8,164347766.8,181290070,187974563.7,190367777.3,194962294.7,187541307.1,198137563.4,226129641,255827436.4,307709235.6,348749723.9,343681405.9,280419848.1,267930744.1,278880112.2,261156456.8,259435475.7,272579731.4,281157776.5,277401720.8,255919817.1
28,692325015.9,707396041.1,715590008.3,753373678.1,803670388.1,768634417.9,819401313.7,864231854.2,905121377.9,938682324.5,1001496498,951881606.6,961629833.2,1019884488,1078389759,1147540484,1293605271,1413385625,1412959730,1241885106,1152469069,1128507775,1168080145,1166866906,1221221065,1270384239,1341395404,1382074643
32,2.01873E+11,2.23061E+11,2.46047E+11,2.61429E+11,2.76686E+11,2.68814E+11,2.8367E+11,3.06679E+11,3.18487E+11,3.07704E+11,3.05277E+11,2.91818E+11,2.60026E+11,2.83004E+11,3.08558E+11,3.35871E+11,3.62899E+11,3.95587E+11,4.11637E+11,3.87274E+11,4.26487E+11,4.52094E+11,4.47453E+11,4.58216E+11,4.46703E+11,4.58903E+11,4.50539E+11,4.63442E+11
51,6664184539,5885890449,3428155397,3126106341,3292639647,3519541621,3727197530,3850978037,4133648144,4268207989,4519845546,4951794157,5697058177,6496970852,7177063247,8172217331,9250784992,10522694355,11253777135,9661370056,9875377779,10334658716,11075162994,11435963553,11852476801,12235968097,12256994677,13174948075
533,1543048919,1665919937,1763915227,1892816724,2048101569,2099442510,2125582373,2291684556,2444462499,2472683070,2584301517,2507638971,2425181267,2473731130,2669471849,2701838425,2730351836,2785837395,2789690558,2473731130,2390502793,2475272396,2441364555,2543858711,2565436428,2553876936,2548482507,2582390348
36,6.75276E+11,6.77421E+11,7.05435E+11,7.3392E+11,7.61315E+11,7.91349E+11,8.22737E+11,8.60391E+11,9.03566E+11,9.39196E+11,9.57351E+11,9.95674E+11,1.0254E+12,1.06643E+12,1.10045E+12,1.13164E+12,1.17439E+12,1.21734E+12,1.24075E+12,1.26622E+12,1.29726E+12,1.34775E+12,1.38332E+12,1.41871E+12,1.45207E+12,1.49312E+12,1.52235E+12,1.56722E+12
40,2.60195E+11,2.6915E+11,2.74784E+11,2.76232E+11,2.82867E+11,2.90414E+11,2.97238E+11,3.0346E+11,3.14329E+11,3.25507E+11,3.36495E+11,3.40759E+11,3.46387E+11,3.49648E+11,3.59212E+11,3.67273E+11,3.79958E+11,3.94121E+11,3.99877E+11,3.84823E+11,3.91893E+11,4.03347E+11,4.06092E+11,4.06195E+11,4.08881E+11,4.13555E+11,4.21989E+11,4.32754E+11
31,22683104175,22524322455,17433825491,13406550677,10771526149,9498736216,9617948962,10176377361,11190573866,12018266911,13351613633,14673729292,16058770324,17698097777,19335844583,24742048966,33270226722,41741896385,46162963166,50488203285,52905998879,52073788775,53220942588,56330863537,57906767570,58514525946,56721678253,56782335542
44,7378752948,7070367480,6799706395,6820613884,7035597416,7343528373,7653731884,8118314191,8744283290,9034764819,9409645615,9656696609,9917879364,9792444644,9878902104,10214314408,10471393779,10622874268,10376008424,9942769562,10095768962,10157648811,10471173963,10411833562,10282385323,9966594315,9983075719,10162771083
48,9564549822,10000299989,10779993415,12169028944,11911518521,12141899189,12538152641,12827774327,13454799035,14255798338,15256295181,15636334742,16159919955,17177422867,18376569511,19620468391,20889332838,22621892795,24033916636,24644500040,25713282713,26223287378,27200967372,28674400162,29921816519,30780904944,31843250856,33039389335
50,41278103105,42681482447,44485756202,46520851716,48421083802,50805801566,53154087030,56017857585,58946183620,61816345807,65491214418,68944932573,71989234765,75772984820,80524332031,85319973249,90976119835,97397752782,1.03255E+11,1.08464E+11,1.14508E+11,1.2191E+11,1.2986E+11,1.3767E+11,1.46014E+11,1.55582E+11,1.66649E+11,1.78788E+11
52,3574005999,3434619763,3194196382,3232526736,3355362753,3422470007,3559368807,3726659141,3864545531,3880003713,3969243800,3873981946,3904973801,3990883226,4046755591,4208625816,4448517485,4528590801,4533119393,4351794618,4364850000,4395403949,4408590162,4408590162,4408590162,4448267473,4521360134,4561245465
112,31707275035,31267913255,28252408418,26116287976,23064987818,20655201363,21228685681,23653296309,25650681649,26535273697,28071027771,29397469733,30869808244,33029063835,36803331366,40278062096,44305037576,48105670155,53033726159,53115461926,57231905886,60405536997,61461142725,62045575990,63129497161,60711906195,59216191966,60666816850
56,3.29972E+11,3.3602E+11,3.41164E+11,3.37882E+11,3.48785E+11,3.57103E+11,3.62793E+11,3.76254E+11,3.83686E+11,3.97358E+11,4.11797E+11,4.15139E+11,4.2253E+11,4.25803E+11,4.4128E+11,4.50521E+11,4.61812E+11,4.7774E+11,4.81481E+11,4.70633E+11,4.83548E+11,4.92244E+11,4.93399E+11,4.94389E+11,5.00592E+11,5.09186E+11,5.16766E+11,5.25514E+11
84,573440466.4,588234591.6,623706869.5,663676224.6,680025413.9,708352801.3,719532452.9,745376744.2,772932577.9,840481453.9,949418238.8,997037099.1,1048098456,1145849022,1199109125,1234740966,1292739435,1308388639,1342596667,1352169895,1397115000,1427666033,1480700458,1491300041,1551627349,1610511826,1602664404,1610381226
204,2920919719,3044351928,3134395054,3317323744,3384346968,3727242750,3888717527,4111721298,4274587078,4502911983,4766680126,5020893783,5254015983,5434942002,5675692406,5772925756,6000595869,6359811357,6671225044,6825950698,6970254725,7176836247,7510156842,8026735018,8551721201,9107583079,9562962233,10041110344
60,3995608677,4006054971,3896861640,3991272480,4054344441,4273125303,4438689198,4643124036,4824662171,4988210042,5137038604,5507997005,5426600603,5611685783,5744000879,5840177364,6109184734,6312010027,6383911936,6004288521,5852973325,5583405171,5352624788,5241074361,5220819090,5243631948,5237860381,5369395914
64,407465210.1,410481533.9,425541479.5,434108104.3,459625563.8,490783448.4,522220072,552891809.8,586786652.8,633388892,688728975.6,745230915.8,825178102.5,888505256.3,940906822.2,1007925656,1076984249,1270258872,1330433667,1418991211,1585464266,1710584163,1797329510,1835833319,1941310400,2069387162,2234745833,2368865940
68,9312417675,9802671873,9964280883,10389409061,10874839109,11383183867,11879892766,12468447462,13095529906,13151432808,13481245760,13708243036,14048970541,14429885720,15032087479,15696697182,16449686623,17200505198,18258079382,18871047883,19649786223,20672366428,21731262044,23208121055,24475416676,25664233490,26758536090,27881111882
70,3814927795,3458307408,3235699314,3165117470,3517457253,4249088381,6552064570,8952814991,10440448217,11434542836,12053645210,12377761381,13001727105,13508589857,14361590167,14921867270,15729847951,16650655095,17554677395,17028516376,17176320803,17340477561,17197264429,17601544136,17803911066,18351175148,18928149009,19501933738
72,5316013739,5710674662,5882055266,5994761759,6212367516,6649122440,7036752985,7601561413,7656444166,8396611056,8563510146,8584970800,9106034890,9527276108,9785063971,10230927963,11086634991,12004261118,12753975280,11777996370,12786612324,13559997723,14164251957,15770951119,16425342605,16146445130,16843242792,17240756785
76,1.2103E+12,1.22276E+12,1.21132E+12,1.2699E+12,1.34422E+12,1.40099E+12,1.43112E+12,1.47942E+12,1.47995E+12,1.48371E+12,1.5476E+12,1.56792E+12,1.6096E+12,1.62805E+12,1.71971E+12,1.77477E+12,1.84509E+12,1.95708E+12,2.05678E+12,2.05419E+12,2.20884E+12,2.29663E+12,2.34075E+12,2.41108E+12,2.42324E+12,2.3319E+12,2.25115E+12,2.27333E+12
92,182004806.1,228621037.6,275752713.4,358434997.7,453968053.8,563213534.4,607192425.6,671032750.4,740547770.9,811481466,885172359,928709335.3,874095074.4,788646550.5,797593280,920959511.4,909787476.1,901242585.4,893347331.6,877103011.9,876152000,870141382.1,830629819.3,875471012.8,886575681.9,888936822.8,891970507.2,896847178.4
96,9593420430,9895223772,10366095935,10397668381,10724716289,11205044906,11527561777,11357705086,11294066763,11638870768,11970909403,12299507596,12775726557,13146645608,13212935764,13264193540,13847458442,13868526198,13600088180,13359882437,13707116269,14220366407,14350217596,14045306585,13693066137,13639336806,13301365256,13478107332
100,40330520905,36924465145,34246638101,33739670809,34353100901,35335678862,32015139294,31666551975,32763079075,30794068375,32315465883,33533829328,35524905943,37356647696,39760681832,42593038407,45521036511,48864293490,51806844269,49948975390,50610343680,51579484113,51595458212,51850284341,52803060800,54635973534,56786830394,58951153553
854,3038470508,3314180076,3321733763,3436927486,3481979832,3681073434,4086534531,4344674148,4662170510,4953168356,5046707647,5380466900,5614676678,6052761483,6323831509,6871593777,7282880337,7601469388,8042353984,8280564557,8979964356,9575059600,10192906826,10783341717,11249920253,11688051028,12379491931,13161772543
108,1739869059,1832664975,1865757836,1734623127,1681117339,1563083870,1428537946,1433960554,1498338740,1483362012,1470002553,1500880163,1568411345,1549588506,1614501728,1629193694,1717406178,1776077776,1863112523,1933673593,2032137629,2114144646,2207662735,2315813740,2413900981,2404072501,2472323366,2472360115
132,520285282.1,527604012.7,543661526.1,583422987.9,623839858.5,670565037.9,715471458.1,770121621.1,834916418.7,933952771.3,1001811987,1063294677,1119463422,1171890329,1222047264,1301735650,1433754604,1557762351,1661357907,1640251585,1664310632,1730365230,1749086368,1763127991,1773903250,1791765253,1876081990,1951373986
116,2697524304,2902176369,3106197510,3233290106,3481454449,3687620761,3857258025,4074027939,4278097333,4787608369,5207360567,5631659413,6002170620,6512714356,7186179487,8138341521,9014922226,9935579714,10600429165,10609636480,11242278819,12037066032,12911132291,13876864944,14858164985,15903610543,16998189007,18189254558
120,15017052864,14451804218,14011001695,13568519732,13856710154,14337508383,14962774103,15745513808,16454425948,17160662333,17770431943,18546656766,19332514306,20215466844,21586290910,22022466857,22783930821,23900845073,24734697975,25278530938,26143752761,27223128965,28460025689,29998002992,31763303113,33558385548,35118234238,36364670609
124,1.01407E+12,9.92517E+11,1.00128E+12,1.02787E+12,1.07405E+12,1.10281E+12,1.12058E+12,1.16854E+12,1.2139E+12,1.27658E+12,1.34274E+12,1.36651E+12,1.40765E+12,1.43302E+12,1.47724E+12,1.52453E+12,1.56452E+12,1.5968E+12,1.61277E+12,1.5652E+12,1.61346E+12,1.66415E+12,1.69319E+12,1.7351E+12,1.78465E+12,1.80251E+12,1.828E+12,1.88371E+12
136,1649541671,1671732816,1723142298,1805619381,1901411152,1992764693,2092254986,2207279079,2875602353,2972941145,3002045305,3018755826,3070836954,3132248123,3160377502,3365638416,3520483703,3631827470,3618848537,3358272605,3267075089,3305266887,3345914925,3388720407,3478675626,3577229306,3703708721,3789134327
140,1445759930,1462817652,1443350662,1438322225,1512775935,1590729787,1470658967,1560674919,1631726801,1728620376,1761842501,1772950448,1762135732,1637875394,1683214532,1723304553,1805229796,1878003048,1927074388,1963818354,2033813912,2075310957,2135464688,1351749148,1365807825,1431366600,1496225072,1560993210
148,2923479115,3034512759,3104297503,3049953432,3224151848,3269244223,3339170630,3527577560,3771601470,3752730371,3733880735,4163936096,4518430386,5164064914,6902911743,7449187928,7328846684,8629881674,8742094753,9538798733,10969618543,11803309553,12794787555,12206227328,12621239057,13100846141,12747123295,12346448301
152,78446509610,84698618424,95097934691,1.01742E+11,1.07549E+11,1.18979E+11,1.278E+11,1.36242E+11,1.40643E+11,1.39573E+11,1.45839E+11,1.50764E+11,1.54057E+11,1.59868E+11,1.71085E+11,1.81652E+11,1.93128E+11,2.02601E+11,2.09752E+11,2.06471E+11,2.18538E+11,2.31892E+11,2.44226E+11,2.54105E+11,2.58594E+11,2.64555E+11,2.67904E+11,2.71896E+11
156,8.29705E+11,9.06557E+11,1.03551E+12,1.17928E+12,1.33302E+12,1.47904E+12,1.6258E+12,1.77596E+12,1.91531E+12,2.06205E+12,2.23712E+12,2.4236E+12,2.64496E+12,2.91047E+12,3.20482E+12,3.57E+12,4.02414E+12,4.59681E+12,5.04043E+12,5.51417E+12,6.10065E+12,6.6826E+12,7.20763E+12,7.76683E+12,8.33341E+12,8.90843E+12,9.50706E+12,1.01589E+13
344,1.04113E+11,1.1005E+11,1.16911E+11,1.24161E+11,1.31655E+11,1.3478E+11,1.4052E+11,1.47686E+11,1.38998E+11,1.42483E+11,1.53402E+11,1.54262E+11,1.56818E+11,1.61611E+11,1.75671E+11,1.8865E+11,2.01917E+11,2.1497E+11,2.19545E+11,2.14146E+11,2.28639E+11,2.39647E+11,2.43722E+11,2.51281E+11,2.58222E+11,2.64388E+11,2.70039E+11,2.80363E+11
446,7405645258,7676684508,8697663634,9148720176,9537832441,9852135759,9810898318,9783494804,9336227173,9116029811,9639956788,9918397630,10805795643,12065035540,15293098911,16525640208,18725939660,21431397766,22158692295,22451407636,28123582424,34218617212,37379449455,41566018991,41066763987,32198599394,31920687237,34824226044
170,1.48191E+11,1.51157E+11,1.57271E+11,1.66252E+11,1.74809E+11,1.83904E+11,1.87684E+11,1.94122E+11,1.95229E+11,1.87021E+11,1.92491E+11,1.95721E+11,2.00622E+11,2.08483E+11,2.19601E+11,2.29937E+11,2.45337E+11,2.62267E+11,2.71569E+11,2.76054E+11,2.87018E+11,3.05931E+11,3.18303E+11,3.33817E+11,3.48484E+11,3.5912E+11,3.66457E+11,3.72936E+11
174,668796695.7,680707464,738778096.6,760985304.2,720830529.4,746852511.5,736844687.8,767939533.7,776770838.3,791684838.4,810641838.2,829286600.5,848360192.3,866175756.3,882633095.7,907346822.4,931795435.4,781816388,838369544.4,865538927.8,907093955.2,960505032.1,1021119044,1112277094,1155607998,1178628457,1227185154,1269173703
178,6694217260,6854568362,7033606127,6964699068,6582122874,6844441821,7281937910,7104479657,7360124962,7168610610,7711527442,8005308212,8372164106,8439809084,8741136711,9409557819,10637215354,9933670459,10560125007,11897542964,13678011910,13836493802,15164297694,14781352233,16217767712,14081141821,13682760539,13257903064
184,171597442.5,183834835.8,194816290.5,202401459.5,210331044.5,201127919.9,200578417.8,195868036.1,194356267.7,199567589.8,227256096.3,236543031,244206723.3,254722261.2,260329164.7,257361437.3,270240004.2,269696128.4,260217951,262982108.4,255145820,257664627,269728779.6,265932844.2,282296693.7,292989767.3,310283166.6,316232449.8
188,15237694044,15582421359,17015468242,18221442488,19039087263,19823782558,20069164582,21186002662,22660908663,23554508418,24457391982,25311069795,26144247736,27256810143,28438822106,29539652885,31677654014,34265051897,35858239145,35510217610,37268635236,38873833243,40738579893,41662949433,43127543162,44693802261,46551438254,48037268794
384,17390564255,17400411687,17292089939,17223157918,17592436604,18833212989,20103531669,21245745111,22335407734,22769443131,22298482157,22325549130,21953231268,21654775974,21921504334,22298830566,22636845686,23036394339,23624223695,24392354395,24884503951,23839698766,26247924829,28685142914,31200640274,33959670911,36666849616,39490963312
191,54586627855,43075055246,38029584846,34977426314,37030824594,39561437124,41885150367,44668629912,45500294372,45074649502,46775137316,48389994157,50932095484,53774723697,55879757840,58176170299,61008085546,64231542418,65539597376,60760814287,59865854205,59662198722,58289593143,58002944004,57952198376,59343392497,61441842441,63236782602
192,44720438038,39938616923,35313484262,30059480368,30274985812,31018903074,33450397354,34378701587,34434272434,36566024365,38729085725,39962623004,40532291962,42069842439,44497339710,49480960435,55452115783,59478291465,61927745998,62826231727,64328000000,66130664082,68124437665,69996226460,70729490571,73868565770,74248073998,75572286635
531,,,,,,,,,,,,,,,,2785684975,2831256966,2901187893,2964667230,2948915659,2951342770,2969422988,2965297920,2941750282,2908248514,2916353674,2887581787,2837344656
196,11702505507,11781462171,12892495225,12982731411,13732819716,15095657510,15284123110,15687675242,16646426106,17478429549,18521016481,19253025878,19969804394,20493746709,21523751609,22568325177,23632102901,24836931828,25742705714,25223928655,25560729794,25663902459,24925270940,23479794088,23171865402,23626540318,24763426271,25811310901
203,1.4455E+11,1.2776E+11,1.27113E+11,1.27192E+11,1.30892E+11,1.39036E+11,1.44907E+11,1.44045E+11,1.43572E+11,1.45629E+11,1.51842E+11,1.56259E+11,1.58841E+11,1.64564E+11,1.72639E+11,1.83918E+11,1.96523E+11,2.07534E+11,2.131E+11,2.02866E+11,2.07478E+11,2.11166E+11,2.09477E+11,2.08464E+11,2.14124E+11,2.25493E+11,2.31018E+11,2.40919E+11
200,1.9556E+11,,,,,,,,,,,,,,,,,,,,,,,,,,,
408,16347309715,15625220189,14518330500,13868067228,13575348413,12981510052,12546305501,11732881358,11626798790,12333486974,12384311399,12849478559,13003818661,13240252576,13515143172,14023434086,13879594898,13714893894,14139830885,14011346367,13945167273,14056336950,14240219624,14392879580,14543019316,14376871520,14933046602,14412994664
180,24302333170,22255821179,19918958049,17236063522,16563857596,16679804405,16509141210,15581815055,15328742376,14674183489,13660154116,13373226117,13767316496,14535168346,15514731240,16466617779,17342793661,18428357283,19575691740,20134591470,21565746507,23048333679,24681732297,26775232158,29310798618,31338171450,32090341000,33277637736
208,2.29127E+11,2.3232E+11,2.36866E+11,2.36892E+11,2.49524E+11,2.57078E+11,2.64534E+11,2.7316E+11,2.79219E+11,2.8745E+11,2.98221E+11,3.00676E+11,3.02078E+11,3.03256E+11,3.11348E+11,3.18623E+11,3.31091E+11,3.34101E+11,3.3239E+11,3.16081E+11,3.21995E+11,3.263E+11,3.27039E+11,3.30091E+11,3.35436E+11,3.43294E+11,3.51532E+11,3.59485E+11
262,570442068.3,552492115.9,584883799.7,613187008.1,598329404.3,631845067.6,599678179.7,627285925.8,626124012,644402677.4,648999415.2,660635943.5,682002955.5,703734441.2,724846474.5,748041561.7,843042840,885194982,929454731.1,980574741.3,1014894857,1060565126,1111472252,1167045864,1271153178,1394250832,1515861380,1577863775
212,319148349.4,324875560,333758472.8,332892158,337656889.8,344324674.5,356417578.5,365307957.9,376854089.4,379268409.9,381682730,382976323,375173320.5,403928759.1,414577665.7,413238022.3,432118617,457864882.1,493658470.6,488090578.9,493825925.9,494705066.4,489401574.9,486427790.7,507776601.7,494825744.8,507305504.5,458957921
214,18336808159,18477454818,20420008299,21894884234,22399164584,23629722415,25314828689,27341097050,29257886349,31222641040,32988782478,33585640228,35529630875,35439598456,35904566347,39230316592,43416644422,47096057099,48607607059,49067510446,53159569599,54825283783,56315088445,59060564503,63570448004,68041593505,72540645344,75842561419
218,38020869119,39652474795,40490851303,41289824101,43048048229,44017726512,44780002397,46718020342,48244078213,45957605226,46459371078,48325007475,50304775101,51674512422,55917517446,58876285669,61468899999,62815127109,66808366776,67186830557,69555367000,75028081292,79261137178,83181798259,86333447252,86418807383,85056519293,87606353192
818,81912700289,86287915315,92037638269,94690915979,98429324722,1.02915E+11,1.08182E+11,1.14123E+11,1.18715E+11,1.25968E+11,1.3275E+11,1.37428E+11,1.41806E+11,1.46222E+11,1.52247E+11,1.59056E+11,1.69941E+11,1.81986E+11,1.9501E+11,2.04124E+11,2.1463E+11,2.18418E+11,2.2328E+11,2.28157E+11,2.3481E+11,2.45076E+11,2.55728E+11,2.66421E+11
222,9758309402,10107306825,10869735090,11670782755,12376907999,13168605705,13393208006,13961929489,14485323993,14984937077,15307510698,15569106320,15933531177,16300049611,16601700385,17193145653,17865773574,18551835046,18788067885,18199435052,18447922436,18856855134,19211574326,19566338234,19845239413,20317556111,20841749058,21325277636
226,609012079.6,610975315.3,692220553.4,757858067.5,828943725.5,925959185.7,1246357145,2433663819,2864003946,3528491116,3990376268,6696558902,8047114169,9140900850,11339400400,12348607036,13003083208,14990229197,17658356452,17895571093,16298541318,17361845546,18805108380,18027859133,18102685195,16457322961,15045962903,14561447510
232,962205396.5,1075206032,1196710886,1350872234,1524892782,1843871229,1886733472,2059101672,2221770068,2265440023,2269672668,1989263238,2163431914,2228452317,2169275423,2200767540,2179437340,2210534026,1994276825,2071585005,2117039511,2300751770,2462423239,2576915621,2650823903,2719385992,2769705209,2908531481
233,15021780286,13820061358,10894540082,10269139637,10064598996,10493910623,11052590079,12356643014,12865397818,12755212507,14103192839,14995743120,15906943668,17086628586,18162188529,19901613473,21945884141,23646293461,22364793017,19071710561,19502554977,20984222627,21888067442,22311939377,22956913056,23341277580,23822869474,24979264155
748,2407867271,2450252084,2529315656,2607867902,2670477503,2799350869,2906903980,2997091946,3075145493,3165894478,3134710700,3167774529,3306526190,3434826469,3559301637,3772781744,3998912664,4176290587,4210521414,4276519486,4438739895,4538437179,4752639174,5057734388,5155370043,5175597350,5246392925,5351353624
231,8739768271,8108940939,7386646830,8373731505,8665675859,9196105758,10440583743,10737142579,10302785954,10834657935,11492631591,12446684390,12635198246,12362140996,14040021151,15699346823,17400347830,19393711997,21486033406,23377319015,26311297202,29772637435,32347322889,35770395146,39441773500,43538281158,46830546660,52035132545
230,10021940217,9350886764,8579786511,9724603738,,,,,,,,,,,,,,,,,,,,,,,,
242,2186233225,2127813838,2210949120,2249146411,2363852882,2422949169,2539250752,2483387216,2515671299,2737050324,2690520508,2744330904,2832149507,2860470958,3012075928,3033160471,3089349256,3061545112,3092160563,3048870316,3140336425,3225125508,3270642151,3425481557,3617428923,3756497602,3781172414,3895483132
246,1.67117E+11,1.57233E+11,1.52006E+11,1.50889E+11,1.56833E+11,1.63434E+11,1.69414E+11,1.80005E+11,1.89777E+11,1.98211E+11,2.0938E+11,2.14783E+11,2.18392E+11,2.22747E+11,2.31492E+11,2.37928E+11,2.47576E+11,2.60412E+11,2.62289E+11,2.406E+11,2.478E+11,2.5417E+11,2.50545E+11,2.48646E+11,2.47075E+11,2.47409E+11,2.53539E+11,2.60631E+11
530,2992640740,3046508181,3143964759,3287742858,3466891076,3521612226,3570538974,3614181379,3501644782,3438321033,3369039174,3416518838,3430184913,3488498057,3530360034,3569193994,3651285456,3790034303,3865834989,3858103319,3847834828,3854037309,3863588619,,,,,
250,1.89406E+12,1.91391E+12,1.94452E+12,1.9323E+12,1.97787E+12,2.01954E+12,2.04807E+12,2.09592E+12,2.17114E+12,2.24542E+12,2.33352E+12,2.37981E+12,2.40684E+12,2.42665E+12,2.49532E+12,2.53682E+12,2.59896E+12,2.66197E+12,2.66876E+12,2.59208E+12,2.64261E+12,2.70055E+12,2.70901E+12,2.72462E+12,2.75068E+12,2.78129E+12,2.81386E+12,2.87467E+12
258,4591019250,4855777308,4876840011,4905395487,4909590035,4934120634,4976229765,5062034107,5238199035,5436202958,5713992930,5794339219,5917308882,6121352250,6256021999,6343906267,6400340650,6509468579,6509901564,6234441915,6080711980,5900592629,5845862407,5869175789,5904012543,5981638802,6070394273,6212025097
266,11083971858,11761479408,11398033622,11670133170,12309412506,12921636489,13390080597,14158452616,14577201494,13029410831,12857960819,13160569537,12924278577,13246516349,13351748678,13497855861,13076238323,13904257136,13423940779,13408226220,14358631009,15376946603,16184600108,17097238173,17834901970,18526829919,18913159245,19121395948
270,714767896.7,735347682.6,761177082.1,784104505.1,785314741,792240024.7,825898367.9,829365268.8,859675323.6,918528383.9,974876870,1031266001,1035980755,1059840876,1157445620,1146544415,1159430079,1201529907,1270433249,1352375418,1440610585,1378253294,1459050070,1528833079,1514458447,1603330619,1609833671,1683205576
268,16792627705,13210200462,7331315439,5183923848,4645773608,4765521082,5303361750,5861221913,6043211250,6216604932,6330887504,6635115248,6998310800,7772191078,8222665875,9011066902,9860006265,11100284738,11368695677,10953735956,11638284841,12478752203,13271192860,13720657749,14355047900,14768492760,15189231395,15923377953
276,2.56863E+12,2.69985E+12,2.75179E+12,2.72547E+12,2.79245E+12,2.84097E+12,2.86421E+12,2.91717E+12,2.97492E+12,3.03404E+12,3.12391E+12,3.17687E+12,3.17687E+12,3.15432E+12,3.19122E+12,3.21378E+12,3.33269E+12,3.44136E+12,3.4786E+12,3.28314E+12,3.41709E+12,3.54216E+12,3.55959E+12,3.57701E+12,3.65492E+12,3.71848E+12,3.80186E+12,3.88387E+12
288,16026231190,16872708858,17527271960,18377344651,18978137893,19741705293,20649064440,21515962582,22525868024,23523427063,24512717654,25625362629,26853750910,28256630737,29769208410,31613635456,33052650407,34489076810,37645009343,39468594099,42587418803,48568847485,53081866348,56963967900,58614464025,59891208266,61956133137,67001497691
300,1.97653E+11,2.0378E+11,2.05207E+11,2.01923E+11,2.05962E+11,2.10286E+11,2.16305E+11,2.26005E+11,2.34807E+11,2.42022E+11,2.51509E+11,2.619E+11,2.72174E+11,2.87945E+11,3.02518E+11,3.04331E+11,3.21533E+11,3.32059E+11,3.30946E+11,3.16713E+11,2.99362E+11,2.72022E+11,2.52163E+11,2.4399E+11,2.45795E+11,2.44719E+11,2.44251E+11,2.47927E+11
304,1590934412,1589129267,1507897745,1432081657,1516923470,1573484678,1597553277,1621020162,1746778593,1770847192,1896605623,1920674223,1902021058,1894800478,2025666443,2126696390,2244849153,2297657837,2439334468,2460457942,2503167187,2490738477,2525464187,2492676573,2609993643,2543973898,2695483257,2722100968
308,451273131.1,461638430.6,460270029.8,448120443.1,460459019.8,470264385.2,491135809.2,515768730.2,576389594.9,616151038.7,646269487.7,633191348.6,654933498.2,716936606.8,712296639.1,806820583.5,774624134.8,822054459.8,829856175.5,774628241,771014814.8,776927694,766990772,785870923.9,843685743,898071515.6,931620008.9,978752657
320,19885627352,20613093068,21610425098,22459330656,23365142806,24522634627,25244233684,26329565599,27585030626,28728442465,29765081111,30459106871,31636846396,32437509036,33459966640,34550799141,36409553084,38704833173,39974769422,40185053907,41338158765,43058673835,44337454919,45976870235,47896021052,49878938398,51421435624,52840841300
324,3404945349,3489951253,3604159986,3786115856,3937585596,4121866463,4334425392,4559003490,4768038718,4983099991,5126856160,5316549838,5593010429,5660126555,5790309465,5964018749,5945196027,6350507448,6612974501,6538734940,6853467848,7238091610,7666363102,7968017933,8263428342,8578673992,9475497649,10256860872
624,553414811.1,570018318.5,587662369.8,601037629.7,618844938.9,643696048.8,667812820.2,707840191.5,588149108.5,665950941.6,664690136.6,678093663.6,669417864.4,672106992.2,690664719.6,720131585.7,736761693.8,760801677.5,785175766.5,811627542.8,849050090.5,917696022.3,901976962.2,931346017.1,940329035.7,998008997.7,1060514518,1123286513
328,1093656711,1159107800,1249882709,1352546050,1467827734,1541018228,1662503887,1766027146,1735853387,1787406166,1762798454,1802461407,1821405290,1803095517,1862488128,1826040890,1919711503,2057760909,2093880221,2169506511,2259290304,2376689764,2502091192,2627637273,2730071671,2813470985,2907890265,2970788234
332,6643499030,6768541659,6409064572,6060992220,5337086829,5865016514,6107994665,6273198516,6410069475,6583798317,6641050970,6571799639,6555118662,6578876417,6347364670,6461604091,6607183531,6828080111,6892276600,7098210849,6707774880,7078547515,7282459828,7590855717,7804170035,7898695574,8013440480,8107460535
340,7649632974,7898401526,8342631083,8862379665,8746879980,9103744391,9429512733,9900396064,10187664511,9995165036,10569701930,10857515692,11265167898,11777447670,12511401250,13268415997,14139785191,15014801359,15650167710,15269613869,15839344592,16446892853,17125933704,17604014377,18142359319,18839040425,19545909275,20481239263
348,1.04267E+11,91867370381,89052388474,88539350080,91148741570,92506425296,92519519379,95609822676,99659709187,1.02836E+11,1.07164E+11,1.1128E+11,1.16319E+11,1.20796E+11,1.26841E+11,1.32407E+11,1.37507E+11,1.38087E+11,1.39263E+11,1.3007E+11,1.30923E+11,1.33093E+11,1.30922E+11,1.33663E+11,1.39309E+11,1.44236E+11,1.47526E+11,1.53629E+11
352,7912634193,7894947436,7628580267,7728777813,8007698425,8017034097,8400654184,9014232736,9653843076,10044152787,10535471929,10946230035,11020792581,11270759252,12177176794,12947992420,13627609280,14903878819,15200761226,14170572948,13683689690,13941164776,14121903277,14705681730,15011602146,15682299589,16835179971,17506759619
356,5.04971E+11,5.07109E+11,5.34596E+11,5.61085E+11,6.02962E+11,6.49063E+11,6.97059E+11,7.28275E+11,7.7188E+11,8.26904E+11,8.60232E+11,9.05109E+11,9.39202E+11,1.01782E+12,1.10226E+12,1.1896E+12,1.28549E+12,1.38397E+12,1.42669E+12,1.53885E+12,1.66962E+12,1.75713E+12,1.85301E+12,1.97134E+12,2.11742E+12,2.29008E+12,2.45297E+12,2.61686E+12
360,2.99904E+11,3.2668E+11,3.50268E+11,3.75675E+11,4.04E+11,4.3721E+11,4.71391E+11,4.93545E+11,4.28759E+11,4.32151E+11,4.53414E+11,4.69934E+11,4.91078E+11,5.14553E+11,5.4044E+11,5.71205E+11,6.02627E+11,6.40863E+11,6.79403E+11,7.10852E+11,7.55094E+11,8.01682E+11,8.50024E+11,8.97262E+11,9.42185E+11,9.88129E+11,1.03786E+12,1.09046E+12
364,2.27192E+11,2.56082E+11,2.64528E+11,2.60637E+11,2.5621E+11,2.62362E+11,2.83748E+11,2.89535E+11,2.95107E+11,3.04463E+11,3.16906E+11,3.23274E+11,3.49126E+11,3.78472E+11,3.91179E+11,4.03657E+11,4.23839E+11,4.58406E+11,4.59556E+11,4.64185E+11,4.91099E+11,5.04092E+11,4.66564E+11,4.65659E+11,4.87095E+11,4.80662E+11,5.45053E+11,5.65521E+11
368,59454434405,20143212556,25306763469,37598781334,35862540869,29295881807,43837954389,53431035856,72055542856,84724540075,85916169391,87896809436,81831771174,54744363484,84393317833,88107144687,97057244290,98394274190,1.04897E+11,1.1099E+11,1.17138E+11,1.29102E+11,1.45391E+11,1.83206E+11,1.83568E+11,1.90599E+11,2.08842E+11,2.1099E+11
372,83401627606,85010978295,87853128533,90218669882,95411500398,1.04604E+11,1.12773E+11,1.24377E+11,1.34949E+11,1.49278E+11,1.63549E+11,1.7304E+11,1.83958E+11,1.89697E+11,2.02371E+11,2.14526E+11,2.26371E+11,2.38162E+11,2.28788E+11,2.18203E+11,2.22134E+11,2.28765E+11,2.2885E+11,2.326E+11,2.51972E+11,3.16887E+11,3.32635E+11,3.58589E+11
376,94305349974,1.01591E+11,1.09474E+11,1.13981E+11,1.22447E+11,1.33128E+11,1.39856E+11,1.45545E+11,1.51633E+11,1.56995E+11,1.7092E+11,1.71168E+11,1.70893E+11,1.72784E+11,1.81383E+11,1.88895E+11,1.998E+11,2.1183E+11,2.18557E+11,2.21462E+11,2.33733E+11,2.45769E+11,2.51212E+11,2.61973E+11,2.72209E+11,2.79247E+11,2.90439E+11,3.0048E+11
380,1.74918E+12,1.77609E+12,1.79091E+12,1.77564E+12,1.81383E+12,1.86619E+12,1.8902E+12,1.92489E+12,1.956E+12,1.98651E+12,2.06021E+12,2.09672E+12,2.10193E+12,2.10511E+12,2.13841E+12,2.15872E+12,2.20204E+12,2.23449E+12,2.21102E+12,2.08981E+12,2.12506E+12,2.13731E+12,2.07706E+12,2.04117E+12,2.04349E+12,2.06237E+12,2.08599E+12,2.11878E+12
388,10861983059,10956929919,12088883272,12326717374,12436668951,12564675997,12604093671,12480032906,12326972594,12448856855,12534926703,12695478091,12781157912,13249755840,13425160304,13545154118,13937830387,14139120968,14024356713,13416178029,13219465065,13448350817,13364437051,13431091370,13522791584,13643498275,13836634472,13972033719
392,4.70361E+12,4.86435E+12,4.9056E+12,4.8802E+12,4.92866E+12,5.06381E+12,5.22079E+12,5.27699E+12,5.21742E+12,5.20428E+12,5.34894E+12,5.37067E+12,5.37701E+12,5.45918E+12,5.57954E+12,5.67231E+12,5.75285E+12,5.84802E+12,5.78407E+12,5.47078E+12,5.7001E+12,5.69352E+12,5.77864E+12,5.89423E+12,5.91632E+12,5.99641E+12,6.05267E+12,6.15766E+12
400,9139675518,9286689984,10619309294,11095080010,11648363933,12368969467,12626634057,13045027993,13437956746,13893453402,14483324254,15246581239,16128413440,16799629430,18238886897,19724737375,21321052779,23064288177,24729629877,25832273458,26519613015,27257408980,27836486311,28490958521,29458329049,30218279693,30843621969,31495699934
398,96319604604,85767818630,81205786692,73704278096,64440110429,59127906312,59402752927,60433321153,59292327414,60885067875,66879612761,75939786962,83344006210,91119733346,99854703088,1.0954E+11,1.21267E+11,1.32047E+11,1.36385E+11,1.38036E+11,1.48047E+11,1.61225E+11,1.68911E+11,1.78967E+11,1.865E+11,1.88652E+11,1.90714E+11,1.984E+11
404,21752320375,22058506264,21883542898,21962276413,22539655518,23532572615,24507993376,24574243295,25398873182,25933433337,26062487954,27226740581,27382415183,28177944170,29616037894,31367025311,33351253813,35636074374,35718915133,36900093127,39999677643,42444303494,44377620610,46990158730,49507476407,52338564977,55410416289,58117461414
296,114775869.6,121993306.4,122220894.5,122928967.7,124544062.5,123745624.5,127467820,130473099.1,139948133.9,136088116.5,152471918.8,145214548,145640620.5,151729143,149172796.4,156559330.8,156482074.3,159666538.4,156326880.2,157582125.6,156125959.7,158615379.7,165990653,173091849.5,172044958,189758660.5,191922384.4,197877403.4
412,7785647035,6928606314,5176663634,3896265448,3896265448,4212923064,4581209639,4932286561,4512371027,3483626413,3682792875,4630491042,4684490937,4409922141,4368139933,4536478030,4691017110,5080425480,5447394489,5643349026,5830068777,6085251213,6256225787,6471533119,6550667193,6818935382,7096484750,7396388409
414,41273279994,24348019808,44510451504,59534268213,64672194600,65561582655,67522225569,69209867570,71741330572,70459053564,73759882772,73919260219,76150544487,89340622053,98488887547,1.08938E+11,1.17125E+11,1.24142E+11,1.27221E+11,1.18219E+11,1.15416E+11,1.26529E+11,1.34913E+11,1.36464E+11,1.37146E+11,1.37959E+11,1.41997E+11,1.37054E+11
417,4813708644,4431311228,3818113566,3227858859,2579538280,2439628718,2612464274,2871496739,2932425169,3039628458,3205085667,3375648192,3375063374,3612340225,3866171214,3859385488,3979138311,4319071113,4681942887,4817077550,4794361821,5079927163,5075449196,5629463744,5855995539,6082963704,6346712244,6637622587
418,1995208285,2080933679,2196630632,2325647951,2505677708,2692445588,2877914428,3076872082,3199784366,3432676209,3632114880,3841438110,4105161212,4360083162,4666217081,4981963805,4936873059,5837118201,6291520410,6763507129,7313450659,7901487807,8525579690,9209868312,9910920121,10631403555,11378056794,12162276141
428,25765154577,23082349561,15036110349,12800439503,12883121248,12741568186,13041507146,14214320177,15142974896,15539944314,16399488672,17459110029,18699177033,20275757946,21965746696,24315514686,27246630327,29965636217,28902570229,24740131647,23765168710,25281601075,26301609180,26940720636,27441384440,28256834484,28840138950,30177306115
422,11547071996,15958135379,16676241410,17843239134,19271259978,20530626340,21585182757,21091575799,21849320883,21750327233,22042666101,22895994816,23677917025,24440931737,25886311965,26597769824,27050313321,29577064026,32312600017,35561463073,38419626605,38772202674,39826865627,40869995654,41640102915,41812922377,42484238979,42718749747
426,1100605428,1145834296,1196998411,1240290699,1280729278,1339571754,1471039320,1590904500,1513367791,1558389812,1638479170,1707773806,1716865592,1797406386,1838631454,1888323798,1969662404,2062895665,2201925196,2249361504,2385943436,2550605402,2703598230,2753421145,2839375021,2910830601,2980607703,2934052629
430,623257953.7,534598189.9,347030773.6,232596017.2,181977658.3,174214106.8,195330967.8,402928347.8,524645470.8,638710993.1,821484104.7,845460903.5,877273610.2,612817528.4,628877057.3,662094190.2,751476905.6,1033280746,1116976486,1204100652,1292000000,1397944000,1555911672,1627483609,1712112756,1871339243,1861982546,1907947984
434,40825381094,47216648265,45936003336,44207343049,45062660853,44062086400,45002425602,47348254003,45666328154,46008670005,47084553732,47325498143,46733809206,52792687188,55134454979,60807799434,64891393710,68192303821,78170621486,77587003124,80942419624,31350422060,70447268521,33724957905,16827614720,9171309561,7695049926,12620963502
438,3089266869,3257354450,3287936920,3307694220,3390227591,3455984504,3613494675,3981178889,4254308369,4697221160,4848480619,4812936813,4765100111,4672773219,4814786822,5047248417,5499150797,6011217028,5848156261,5233596370,5621057217,5392732839,5450617044,5718999814,5889291131,5891875538,6007418073,6049365956
440,33316881597,31425927677,24745098963,20729745809,18705268047,19320686363,20315693765,22000520719,23643338223,23375070839,24270725715,25854252425,27602193683,30511068802,32509569101,35021716116,37615580015,41786002203,42884170849,36531239853,37130286201,39374117951,40880947405,42311200356,43807995380,44693192016,45744903856,47638719305
442,25172281351,27348221309,27845863972,29015570698,30124232798,30555672135,30979915750,32748781294,34728330983,37673641715,40777874110,41810359657,43407293716,44114523132,45708017660,47158078345,49600152814,53744023972,53056323196,50743806576,53212476812,54563666562,54371319074,56358248456,58779842025,61081638753,62554580195,63522097424
450,6694796490,6272386002,6346786053,6479850219,6475210112,6586079512,6727608764,6975838910,7249332820,7590012079,7949568336,8425628056,7359714704,8080004956,8504771110,8896237215,9343060249,9926129628,10635156365,10176806150,10250149525,10432131627,10745936058,10906202648,11261052454,11659333282,12128938860,12275374866
454,3446387991,3715230182,3421052077,3789478484,3350322653,3652594174,4005889411,4157809526,4207801177,4259972576,4327261823,4119761941,4229144022,4470443731,4712763374,4866810255,5095554789,5584727730,6011383500,6512019251,6868297764,7297483228,7253422409,7707294553,8186182610,8453018824,8681016913,9121947008
458,81801045847,89609338022,97571233413,1.07226E+11,1.17104E+11,1.28614E+11,1.41479E+11,1.51839E+11,1.40664E+11,1.49298E+11,1.62524E+11,1.63365E+11,1.72172E+11,1.82138E+11,1.94494E+11,2.04864E+11,2.16306E+11,2.2993E+11,2.4104E+11,2.37392E+11,2.55018E+11,2.68518E+11,2.83215E+11,2.96509E+11,3.14319E+11,3.30323E+11,3.44274E+11,3.64575E+11
462,842949514.9,907460957.4,964231026.8,1023581554,1091533607,1168947338,1260810779,1366692921,1469122223,1559850158,1619839039,1555958507,1669051582,1898547006,2013100663,1748799604,2205437294,2375561800,2600891743,2412877398,2588176058,2809898207,2880634131,3090375234,3316887570,3412565435,3661313687,3914372502
466,1596194879,1830023516,1797246958,1878400331,2012675446,2761848784,3320000917,3700494696,3941552833,4462505581,4459790817,5113650591,5519162811,6234019398,5850456259,6457062668,7265077393,7868284717,8619380049,9631854475,10678749002,11506340239,12796847490,13694480072,14761105543,15884581799,17274741579,18474416142
470,4259137685,4525610214,4737903682,4950197149,5229938020,5561646563,5771728640,6075147191,6386535127,6687977837,7140766898,7184208021,7398499898,7586700613,7620340994,7908668198,8053295349,8374335837,8654584052,8441484157,8740539199,8856558782,9096544493,9515857276,10292499777,11272441432,11860088563,12652624158
584,122853897.5,122961852.7,131742258.5,139655047.8,147863621.7,160007951.5,143522446,135821635.2,131923239.7,128801347.9,136461899,143766546.7,147633241.2,148076751,147918077.9,152266694.1,154453510.3,160097467.6,157478477,154786380.5,164751293,167514161.2,173711817.5,177809801.2,176121238.1,177238588.6,178861501,183333039.1
478,1995860705,2052925499,2097795625,2279660341,2389451441,2331995792,2578195200,2473917903,2542637845,2712247092,2700573411,2754822447,2773142131,2938927593,3107831397,3386594480,4025616181,4139050872,4183751263,4140153157,4337791531,4541667733,4805084461,5098194613,5383693512,5432146753,5524493248,5715714359
480,4058049635,4225534292,4487840588,4713706237,4913493290,5130517223,5393982491,5707282885,6053896006,6211885856,6721442197,6946466910,7064345110,7476862027,7800629606,7939346582,8325621146,8802438252,9276640409,9584158304,10003670690,10411565236,10775566009,11137661607,11554745827,11965284217,12424826650,12905927155
484,6.43208E+11,6.70366E+11,6.94691E+11,7.1938E+11,7.54925E+11,7.07431E+11,7.55347E+11,8.07065E+11,8.48741E+11,8.72112E+11,9.15215E+11,9.11514E+11,9.11151E+11,9.2433E+11,9.60569E+11,9.82737E+11,1.02691E+12,1.05044E+12,1.06246E+12,1.0063E+12,1.0578E+12,1.09655E+12,1.13649E+12,1.15188E+12,1.18418E+12,1.22312E+12,1.25885E+12,1.2849E+12
583,235460631,249395784.2,259478883,277091737.1,280634501.9,292543920.5,283389013.5,266134707.4,274171076,278031524.2,290884348.9,295724021.3,297569912.7,303035442.7,294522048.3,300589669.7,299604109.7,293725030.2,287210540,290592051.4,296525000,306450384.7,300353380.2,288764174.3,282538618.5,296471130.9,296282589,302208115.9
492,3661805903,3699856452,3759041957,3736012642,3823636477,3903362052,3957540874,4050041799,4194069436,4336965540,4505029992,4593078524,4644450128,4682512867,4812987535,4890366600,5175141682,5920658091,5954432138,5248027700,5362349544,5741644903,5798197827,6353131674,6809263457,7145799711,7375454912,7375587355
496,3852536742,3496300360,3164232591,3069207048,3139801777,3337986620,3416526554,3553131599,3678642657,3796937019,3837042677,3950339311,4137313300,4427117800,4897506083,5252767023,5702205791,6286564270,6846087298,6759232302,7189483180,8432615260,9471475495,10574813154,11408672029,11680140401,11816629854,12416139431
499,3990904337,3559687381,2723023407,1728303815,1754073753,2004901145,2558095807,2726459398,2851873095,2614789669,2994466750,3027401138,3085040765,3161631975,3301573624,3439599315,3734242241,3988549757,4276632745,4028797867,4138958868,4272583129,4156206646,4303709611,4380475425,4528989307,4662547991,4882470223
500,129064083.8,120029990.9,120262600.3,117193111.9,124083790,113131910.3,83483584.69,65023041.02,53688210.24,49682656.02,48426617.74,48273852.39,49385220.35,49625825.78,51970773.99,53597725.03,53215811.64,54938241.03,57386305.85,57122785.61,55511111.11,58543503.42,60594378.32,63790993.39,65219349.46,63962854.41,64302757.33,62496307
504,43559127753,46586138482,44707860187,44255178995,48839145388,45625798167,51200012225,50059341071,53901347232,54186710192,55049670222,59206994887,61170320101,65034429066,68157295470,70187368974,75633805038,77680318499,82281539471,89659328280,93217221947,99064269533,1.01341E+11,1.06328E+11,1.10594E+11,1.16048E+11,1.19853E+11,1.26561E+11
508,2290668014,2402910727,2277206523,2476852448,2629398383,2688226180,3409889149,3779590412,4227826927,4558568732,4635084442,5224711951,5684176127,6053682062,6526546434,7095704871,7794706692,8373526378,8949328216,9517740865,10154250870,10877003555,11659956863,12492630580,13422600782,14307673761,14846126975,15400901937
104,6728789695,6685011059,7330846345,7773586248,8354891558,8935393589,9511075955,10048602629,10546367055,11700680600,13309048030,14818838476,16600880660,18899105757,21462705784,24374974059,27562192167,30867295655,34032830455,37623296590,41444923053,43762308622,46971254493,50929052878,54998750508,58844725293,62311852878,66574951394
516,5023203323,5433378639,5824002842,5732010433,5831167310,6058525354,6251872544,6515707841,6730177935,6956936373,7199885346,7284696305,7633535734,7957181946,8933492212,9159443690,9807307199,10334356220,10608197232,10639594414,11282158756,11856558268,12456675867,13156109954,13991741773,14846180099,14950117620,14834952061
520,183713159,148819170.8,124620701.5,104535072.6,100493646.6,92531042.28,81557381,74254953.42,65501819.93,61199515.99,57003528.6,53149494.52,47849801.58,47986010.87,45915491.73,40371734.59,32391549.15,32509251,63582539.43,52035987.93,62494508.24,71387226.7,85837401.62,115193792,157239527,161642233,178453025.6,185521005.3
524,6751789371,7181637335,7476665131,7764273761,8402438012,8693872150,9157924538,9639667957,9923319434,10368252816,11002313627,11621579024,11635503261,12094555620,12660895673,13101391156,13542202500,14004202901,14859108953,15532684059,16280802530,16837903629,17642956173,18371412252,19471663891,20118698716,20201778243,21716782635
528,5.36977E+11,5.50074E+11,5.59459E+11,5.66494E+11,5.83269E+11,6.01444E+11,6.22895E+11,6.49679E+11,6.7908E+11,7.13385E+11,7.43624E+11,7.5942E+11,7.60207E+11,7.62365E+11,7.77847E+11,7.94651E+11,8.22612E+11,8.53036E+11,8.6753E+11,8.34845E+11,8.46555E+11,8.60638E+11,8.51541E+11,8.4992E+11,8.61987E+11,8.81474E+11,9.00954E+11,9.29444E+11
540,5348131499,5610191448,5639364154,5669241203,5816085146,6161562413,6189281995,6313510311,6111460587,6380364853,6539873974,6670671454,6837438240,7165635276,7445095051,7713118473,8152766226,8498468040,8548795564,8748243492,9355222390,9769976431,9922420956,10107014232,10453188470,10834050003,11157396193,11458061777
554,82680246934,81322186451,82352129954,87732052549,92308499625,96533659730,99775216314,1.02777E+11,1.03873E+11,1.09267E+11,1.11769E+11,1.16014E+11,1.21885E+11,1.27419E+11,1.31585E+11,1.35952E+11,1.3945E+11,1.44694E+11,1.42457E+11,1.45187E+11,1.46584E+11,1.50535E+11,1.54298E+11,1.57464E+11,1.63193E+11,1.70509E+11,1.76499E+11,1.81482E+11
558,4700842005,4691929173,4710069610,4691672925,4848174302,5134829150,5460661072,5677266439,5887988483,6302265618,6560758724,6755012524,6805941193,6977500794,7348157532,7662834907,7981001115,8386144825,8674269021,8388654390,8758602361,9311855731,9916766590,10405375012,10903320087,11423256769,11955438797,12536604034
562,2827807467,2838064230,2843966367,2870422017,2947169793,3043971240,3198886394,3214757348,3623416979,3659426992,3564884331,3832887809,4035149086,4172321229,4138044650,4445126561,4701891993,4849835325,5314824390,5276947169,5718587531,5848873238,6541954141,6886609485,7405106505,7726312049,8106889231,8503681544
566,1.2978E+11,1.29795E+11,1.33209E+11,1.35283E+11,1.36345E+11,1.39274E+11,1.45029E+11,1.49221E+11,1.53422E+11,1.5415E+11,1.62347E+11,1.69509E+11,2.05694E+11,2.26743E+11,2.50505E+11,2.66817E+11,2.82909E+11,3.01156E+11,3.20039E+11,3.42232E+11,3.69062E+11,3.871E+11,4.03665E+11,4.2544E+11,4.52284E+11,4.64282E+11,4.56775E+11,4.60496E+11
578,2.55628E+11,2.63513E+11,2.72932E+11,2.80698E+11,2.94889E+11,3.07138E+11,3.22581E+11,3.39628E+11,3.48542E+11,3.55559E+11,3.66955E+11,3.74608E+11,3.79993E+11,3.83489E+11,3.98671E+11,4.09135E+11,4.18934E+11,4.3144E+11,4.33514E+11,4.26183E+11,4.29131E+11,4.33302E+11,4.45095E+11,4.49743E+11,4.58626E+11,4.67661E+11,4.73214E+11,4.82586E+11
512,27056342767,28689947459,31130957324,33040463035,34310394845,35966976003,37008197142,39294102518,39668845501,39800346255,42407693363,44308746408,43820949280,42651547280,43202692720,44278535459,46657129142,48734623737,52730900887,55954022117,57048387488,58511751090,63838912882,67097112190,68051820928,71221327508,74768462031,74074510980
586,78570990025,82547914922,88908475724,90471768325,93853074267,98510635516,1.03285E+11,1.04333E+11,1.06993E+11,1.1091E+11,1.15634E+11,1.17927E+11,1.21729E+11,1.27629E+11,1.37032E+11,1.4754E+11,1.56654E+11,1.64225E+11,1.67019E+11,1.71748E+11,1.74508E+11,1.79304E+11,1.85592E+11,1.93752E+11,2.02809E+11,2.12404E+11,2.24026E+11,2.36748E+11
585,157937947.4,165685122.6,169624253.2,148760393.3,159619894.8,175656454.9,194127703.3,202239285,206433180.1,199048363.9,196689344.7,200747585.7,210462050.5,210773037.8,212439549.3,212943733.4,207332042.6,208335443.1,194972392.1,184541944.2,182844000,194435350,202144477.4,199078958.4,204448610.7,225175822.2,225307969.9,216925811.2
591,10159511104,11116436132,12028170653,12684396769,13045920817,13274443423,13647532814,14529912615,15596908465,16206829528,16647946226,16743109139,17116294158,17836164986,19177815640,20556945841,22309993085,25012326976,27477455544,27818998273,29440287581,32771051684,35975676303,38459234369,40407814987,42660859646,44789036037,47188170254
598,6131280414,6715509958,7645546407,9037210593,9574211448,9257070584,9867662318,9241648803,9674361658,9853845794,9612005539,9607914427,9800692581,10230631254,10288650660,10692926905,10938145676,12152037067,12116276483,12940082236,14250756860,14408562741,15079483794,15656246244,17557795047,18771361106,18647841234,18373457591
600,10317514313,10572204155,10762506678,11208277877,11555081528,12183483587,12234175269,12599504978,12673794512,12484137701,12068990305,12316453987,14167439782,14779578550,15379248039,15707363142,16462434495,17354965607,18458588836,17726577417,20047518467,20918063351,20658895272,23558634983,24671152353,25401970186,26423016336,27553416870
604,58493502567,59791624947,59468445759,62586719507,70290122127,75499600758,77612814258,82639659965,82316094660,83546646720,85797703674,86327841100,91035754896,94827415150,99529151089,1.05785E+11,1.13749E+11,1.23439E+11,1.34704E+11,1.3618E+11,1.47528E+11,1.56862E+11,1.66493E+11,1.76237E+11,1.80424E+11,1.86291E+11,1.93652E+11,1.98546E+11
608,94520112368,93973469806,94290727089,96286208517,1.00511E+11,1.05213E+11,1.11364E+11,1.17139E+11,1.16463E+11,1.20052E+11,1.25348E+11,1.28976E+11,1.33678E+11,1.40322E+11,1.49721E+11,1.56874E+11,1.65099E+11,1.76023E+11,1.83333E+11,1.85438E+11,1.99591E+11,2.06895E+11,2.20724E+11,2.36316E+11,2.50838E+11,2.66056E+11,2.84349E+11,3.03356E+11
616,2.26664E+11,2.10762E+11,2.16062E+11,2.2414E+11,2.36003E+11,2.52409E+11,2.67697E+11,2.84988E+11,2.9814E+11,3.1198E+11,3.26205E+11,3.30275E+11,3.37018E+11,3.49024E+11,3.66949E+11,3.79769E+11,4.03237E+11,4.31603E+11,4.49945E+11,4.62635E+11,4.79321E+11,5.0337E+11,5.11464E+11,5.18583E+11,5.35792E+11,5.56361E+11,5.734E+11,6.00956E+11
620,1.66593E+11,1.7387E+11,1.75764E+11,1.72173E+11,1.73834E+11,1.81279E+11,1.87617E+11,1.95922E+11,2.0531E+11,2.13293E+11,2.21371E+11,2.25673E+11,2.27408E+11,2.25284E+11,2.29365E+11,2.31124E+11,2.34713E+11,2.40562E+11,2.41042E+11,2.33863E+11,2.38303E+11,2.3395E+11,2.24526E+11,2.21988E+11,2.23971E+11,2.28052E+11,2.21988E+11,2.23971E+11
630,64668331549,66153612058,69173030988,72387881552,75417072060,78846897442,80674183336,84612130993,89292718909,94100337391,97178385810,1.03315E+11,1.04263E+11,1.04312E+11,1.07478E+11,1.05342E+11,1.03857E+11,1.0265E+11,1.00757E+11,98789551892,98381300000,98028592583,98057290562,97756424655,96592767902,95579081232,94310815718,92066818925
634,19359252668,19037456873,21194501193,20913645218,21210348865,21719235240,22669215167,29472709038,32779149832,34183429706,36927718337,38367215261,41122949433,42652690048,50849898678,54659442328,68964459742,81368462912,95740605519,1.07188E+11,1.25122E+11,1.41415E+11,1.48043E+11,1.54572E+11,1.60723E+11,1.6643E+11,1.7013E+11,1.72845E+11
410,3.62886E+11,4.00459E+11,4.25189E+11,4.54301E+11,4.96124E+11,5.43606E+11,5.84891E+11,6.19529E+11,5.85633E+11,6.5186E+11,7.10035E+11,7.42166E+11,7.97327E+11,8.20715E+11,8.60928E+11,8.94708E+11,9.4102E+11,9.92432E+11,1.02051E+12,1.02773E+12,1.0945E+12,1.1348E+12,1.16081E+12,1.19443E+12,1.23434E+12,1.26878E+12,1.30595E+12,1.34595E+12
498,10126604386,8356185498,5928874151,5859560218,4047834014,3992164227,3757542179,3819431382,3569557544,3449326145,3522028322,3738331019,4030281020,4297221099,4613637480,4959724634,5197030210,5352859481,5772394488,5426651869,5811622394,6207717279,6162190588,6741451186,7064545139,7034291623,7348736479,7681282775
642,1.24284E+11,1.08223E+11,98734617314,1.00244E+11,1.04186E+11,1.11623E+11,1.15942E+11,1.10359E+11,1.08055E+11,1.07621E+11,1.10199E+11,1.16361E+11,1.22394E+11,1.29155E+11,1.39951E+11,1.45789E+11,1.57533E+11,1.68346E+11,1.82251E+11,1.7148E+11,1.66658E+11,1.70041E+11,1.72147E+11,1.78226E+11,1.83709E+11,1.91009E+11,2.00217E+11,2.14126E+11
643,1.42961E+12,1.35813E+12,1.1612E+12,1.06018E+12,9.25535E+11,8.87588E+11,8.55566E+11,8.67382E+11,8.21022E+11,8.73166E+11,9.60881E+11,1.0098E+12,1.0577E+12,1.13487E+12,1.21631E+12,1.29386E+12,1.39936E+12,1.51879E+12,1.5985E+12,1.47348E+12,1.53985E+12,1.60551E+12,1.6642E+12,1.69391E+12,1.70577E+12,1.66313E+12,1.6598E+12,1.68545E+12
646,2472919007,2382600604,2540959625,2321737545,1188442483,1586839449,1822967934,2084326342,2276153915,2423440066,2625798121,2849151496,3224664359,3295858247,3541546960,3873785106,4231150507,4553616943,5061745872,5378628474,5772288798,6235747052,6774587071,7090073714,7630309691,8307349610,8804310871,9341754930
659,374521396.4,366475329.4,382150494.3,408921572.1,430648191.3,455422596.9,482229528,515485668.7,512045785.6,529396452.6,586013346,618030945.8,633989648.2,611069868,633108541.6,688637283.8,701330014.8,699881304.1,743917778.1,721450716.6,705224546.3,722140983.5,717804162.8,762450824.3,807916198.2,840041812.9,858599348.3,868649793.3
662,815960002.9,820760707.6,880649679.2,883024611.7,898407202.4,908575109.2,972487667,969117732.2,1030793350,1054310266,1050490038,1011601264,1011468099,1060081354,1146187811,1126931889,1306421215,1324343701,1394668122,1379732717,1382037037,1430598440,1421594524,1402818586,1452788184,1439218302,1487609014,1531860486
882,385926111.5,377049783.7,376295720.6,391723798.8,381765802.1,404806355.9,435205801.9,441291217.7,451218802.1,465346140.1,498330931.8,538445667.9,555524402.7,586934785.8,612781423.7,643760997.9,647549449.6,687553900.1,678683530,651125257.4,679252092,703402914.3,687518399.1,691264429.6,704198988.6,724906682.6,771988541.2,768940333.5
674,1163792645,1181696984,1191555592,1295835876,1386314357,1515131177,1588740790,1668484536,1793954572,1956798663,1999511868,2111634028,2116973179,2199730011,2301173872,2354565377,2445330936,2530757344,2572530505,2243636483,2139342824,1936882237,1791233148,1737028294,1720637898,1729389376,1767387558,1800247330
678,102048124.6,103273725.3,103996641.4,105140604.5,107453697.8,109602771.7,111246813.3,112355193.3,115164055.1,118043163.2,118572431.4,122206065.5,124653936.3,133334875.2,138444570.4,148265510.4,161780870.3,167044580.7,180719137,185103889.1,197454025.2,206138473.4,212615185.8,222852198.2,237360725,246519395,256821987.4,266773738.6
682,2.93927E+11,3.3804E+11,3.51519E+11,3.46725E+11,3.48663E+11,3.49402E+11,3.58617E+11,3.62576E+11,3.73066E+11,3.59027E+11,3.79223E+11,3.74632E+11,3.6407E+11,4.04999E+11,4.37231E+11,4.61602E+11,4.74473E+11,4.83237E+11,5.13438E+11,5.02865E+11,5.28207E+11,5.81011E+11,6.12452E+11,6.28984E+11,6.51958E+11,6.7873E+11,6.90069E+11,6.84994E+11
686,8277964090,8245134899,8427642946,8240683483,8477164947,8877792368,9341296037,9633121234,10201347513,11336100216,11195891911,11708766362,11785435797,12571623375,13311220443,14059658036,14405746517,15117172179,15673865751,16053671066,16724612187,17019152526,17700943930,18383915344,19133093585,20351306006,21618876903,23061402479
688,50215548081,44358374448,31875986692,22176304189,22751757948,24045663996,24629049428,26398604636,27040212029,23755748576,25598961862,26877121690,28789665624,30060749579,32780200251,34596383672,36293177830,38430348545,40492772318,39231079975,39460338235,40013414138,39607130421,40625670064,39881674263,40183920716,41307995264,42154521979
690,516508309.4,530675640.3,568967385.1,604155224.3,599268878.1,595550337.8,606736690.3,698225072.4,776621734.2,791649553.9,790666138.3,773011132.4,782775801.6,733226906.6,718413631.1,783118657.5,856772738.7,946032688.8,925782779.7,915532599.4,969964538.4,1022136307,1059745939,1123522266,1174135410,1232105461,1287588219,1368272119
694,2418816164,2225492274,2010814738,2011906627,2082323241,1873570353,1409174752,1161218230,1151493779,1057972056,1098252047,1297803757,1640648685,1793444281,1911774746,1997902027,2082291696,2250095908,2371648803,2447176764,2578026280,2740834788,3156969325,3810943807,3984694509,3168189107,3369182917,3496642977
702,67580371713,72099522677,77209649128,86117625488,95526368865,1.0224E+11,1.09941E+11,1.19056E+11,1.16407E+11,1.23502E+11,1.34491E+11,1.3321E+11,1.3882E+11,1.44977E+11,1.58821E+11,1.70716E+11,1.85842E+11,2.02775E+11,2.06399E+11,2.05154E+11,2.3642E+11,2.51435E+11,2.61701E+11,2.75077E+11,2.85761E+11,2.92165E+11,2.99168E+11,3.09994E+11
534,,,,,,,,,,,,,,,,805030210.4,843644598.6,878110333.3,888896831.8,886854417.9,896492058.7,898677544.1,911253404.3,923053036.4,937695307.1,942468794.6,946545031.1,866790245.2
703,51010391269,43593027715,40719116152,41493319725,44068200327,46643323563,49795081605,52816419598,54935315958,54822660414,55486109654,57326288833,59919037775,63165880223,66487670526,70976227122,76975767929,85288825295,90090397692,85205207757,89501012916,92024135539,93549112293,94943598803,97554865847,1.01628E+11,1.04804E+11,1.08145E+11
705,30861431895,28114731103,26578626573,27334368263,28790603756,29973079608,31027017360,32613856958,33685428143,35462116872,36935721670,38025091070,39483849685,40606013528,42373104177,44069302684,46561862049,49794021543,51437289079,47426581388,48013606724,48325391228,47035305201,46502839729,47874985154,48978432183,50481183687,52945001482
90,369516549.7,378942350.4,422002851.3,429148630.8,463823513.2,510168788.2,518375964.4,509426101.7,525694878.8,517539938.8,443980199.2,408613494.2,397352802.3,423119717.8,457379470.9,516148900.1,536792166.4,625719592.2,648901240.6,650414183.6,719622919.3,765734059,785940252.9,809658746.5,827876802.7,848923419.6,878267359.4,909308306.5
706,1085334840,1074480244,945542115.1,945542115.1,746982265.6,746982265.6,776113032.3,755140378.5,773990799.4,798758505,822721260.1,847402897.9,877061999.4,907759169.3,934991944.4,963041702.8,986154703.6,1011794726,1038101389,1065092025,1092784418,1121196812,1150347930,1180256976,1223926484,1256972499,1287354622,1311154055
710,2.22922E+11,2.20652E+11,2.15937E+11,2.18601E+11,2.2567E+11,2.32702E+11,2.42723E+11,2.49148E+11,2.50437E+11,2.56342E+11,2.66992E+11,2.74296E+11,2.84356E+11,2.92742E+11,3.06075E+11,3.22227E+11,3.40284E+11,3.58525E+11,3.69966E+11,3.64275E+11,3.75348E+11,3.87675E+11,3.96256E+11,4.06104E+11,4.13604E+11,4.18897E+11,4.21265E+11,4.26826E+11
728,,,,,,,,,,,,,,,,,,,14422056220,15485935317,15205808427,15488106421,7508076971,9777250884,11951741096,12555971938,12596034690,12755109311
724,8.73144E+11,8.95374E+11,9.03694E+11,8.94373E+11,9.15687E+11,9.40937E+11,9.66105E+11,1.00175E+12,1.04489E+12,1.09175E+12,1.14949E+12,1.19548E+12,1.22991E+12,1.26912E+12,1.3093E+12,1.35805E+12,1.41474E+12,1.46806E+12,1.48447E+12,1.43142E+12,1.43162E+12,1.41732E+12,1.37582E+12,1.35236E+12,1.37102E+12,1.42099E+12,1.46607E+12,1.50975E+12
144,20506438346,21495043944,22436302778,23987909137,25343032875,26744342285,27749203176,29537865882,30940723415,32263322018,34192390283,33724163510,35079932122,37163774482,39187364776,41633341350,44825907492,47872646481,50721111145,52516090949,56725754848,61493405996,67116719326,69395817049,72838339391,76485850956,79903874003,82547737034
670,376752392.5,381031319.2,405330072.5,414489368.4,406044763,436304598.2,443341769,459527262.2,482749926.3,503157722.2,512306044.3,521369875.7,554016299.6,596595518.6,621358903.8,636892148.8,685953254.5,708716776,719946779.9,704808518.4,681225925.9,678336310,687761863.1,700355599.4,707058904,719698948.6,728870637.1,734067474.6
275,2946321214,2822243447,3496259114,3866389402,4485011706,4804277804,4862657059,5575873936,6375131062,6903019284,6312384282,5724660963,5009697076,5711849557,6302630142,6983236164,6710848171,7153132897,7587992831,8245305385,8913100000,10019539737,10649191297,10885328831,10865529383,11238079289,11767216976,12136735451
729,,,,,,,,,,,,,,,,,,,45971561099,50059460225,54458734460,54295358256,53100860375,54269079303,56005689840,57685860536,59704865655,61615421355
736,20791560402,22159200874,23171597346,23404756804,24808362061,26296142465,27852643961,29539802587,31974369233,33328547687,36123572016,40026806750,42424297249,45559225945,47917518607,52248407165,55664846768,58875786245,60160162035,65323352714,69664542887,,,,,,,
740,2491221711,2559567756,2569190186,2397002255,2478260127,2478470469,2504183597,2647907251,2709614192,2671579108,2726742695,2840918230,2919814808,3103265386,3351500960,3482995256,3683764596,3871597699,4032243029,4153863693,4368377356,4623796121,4748497047,4887671318,4900086030,4772731841,4527449173,4495757029
752,3.21511E+11,3.17827E+11,3.14145E+11,3.07656E+11,3.20232E+11,3.33105E+11,3.38165E+11,3.48014E+11,3.62773E+11,3.79049E+11,3.97038E+11,4.03285E+11,4.11654E+11,4.21368E+11,4.39533E+11,4.51913E+11,4.73151E+11,4.89276E+11,4.86551E+11,4.6127E+11,4.88909E+11,5.02008E+11,5.0051E+11,5.06708E+11,5.19892E+11,5.43061E+11,5.57637E+11,5.69373E+11
756,4.321E+11,4.28143E+11,4.27956E+11,4.27416E+11,4.32844E+11,4.34925E+11,4.37274E+11,4.47507E+11,4.60887E+11,4.68697E+11,4.87149E+11,4.93543E+11,4.94345E+11,4.94541E+11,5.0827E+11,5.24104E+11,5.45009E+11,5.67419E+11,5.79645E+11,5.66765E+11,5.83783E+11,5.93665E+11,5.99638E+11,6.10743E+11,6.25702E+11,6.34045E+11,6.44197E+11,6.54612E+11
760,21059721719,22723707341,25784666563,27120051118,29076225359,31119248337,34176932822,35893954188,38329462702,36967365101,37217132364,38628928343,41664561230,41910749222,44803704976,47588418651,49989738960,52826537193,55191365398,58454549385,60465112082,63241679830,46584494957,34332692805,29288142863,27491842710,26397737853,26899294872
762,6830733183,6345751189,4505483277,3766584027,2964301704,2596728282,2161460074,2197893112,2314062617,2399609801,2598714972,2846980388,3155242247,3505793559,3865768035,4125525182,4397560478,4732540474,5091239869,5296046478,5642175856,5778211415,6214222719,6675868858,7122195222,7547310005,8071784962,8643353230
807,7107575703,6885095341,6323547959,6246129320,6131071136,6062722180,6134561786,6222906651,6433192922,6712323193,7017712788,6802466687,6904072800,7057520226,7387401109,7736382835,8133797430,8660336271,9134222214,9101461418,9407160111,9627279675,9583379500,9863677773,10221687663,10615804739,10918181212,10944451050
764,1.39705E+11,1.5147E+11,1.65482E+11,1.79866E+11,1.9425E+11,2.10023E+11,2.21895E+11,2.15785E+11,1.99312E+11,2.08425E+11,2.17712E+11,2.25211E+11,2.39059E+11,2.56245E+11,2.72361E+11,2.83767E+11,2.97865E+11,3.14054E+11,3.19474E+11,3.17267E+11,3.41105E+11,3.4397E+11,3.68883E+11,3.78796E+11,3.82525E+11,3.94078E+11,4.07015E+11,4.22941E+11
626,873075311.3,966619094.4,1067722849,1176681423,1293396788,1415828822,1568749768,1633538705,1598762290,1031722730,1172648193,1280577370,1192644044,1178540414,1933630837,2627411206,3722369165,3915150672,4306850276,4045927224,3998696649,4471801363,4693824269,4177441215,3089229759,3734284416,3765074848,3463868859
768,2509654382,2515335996,2432850065,2035602865,2319250930,2476283668,2666037760,2767580668,2704108630,2774995529,2748263092,2770893355,2876924986,3070259277,3040211713,2898346333,2975156339,2940194671,3059632812,3229072553,3426022057,3645225767,3883751372,4121139580,4365135299,4615819277,4872416331,5086802650
776,245594406.5,261349140.1,262007702,271801673.8,285262724.4,296783670,296661448.7,294297710.4,303105085.7,316084668.4,326008284.9,336298365.6,348340528.8,355676504.2,354436867.7,360040024.7,357114482.5,342238844.6,352850133,360982148.4,373874368,384287314.6,387708711.3,375609859.1,383394776.3,397598531.3,411013877.5,422123881.6
780,8006022981,8220886496,8085418275,7968310216,8252148393,8578661540,9182873876,9889230302,10695808106,11549252021,12346456603,12861743495,13881742363,15886410260,17149391892,18214334159,20675886563,21600302596,22332928079,21352128508,22061600065,21996848077,22281318926,22499836488,22443093522,22783598656,21426356403,20925837592
788,18010132589,18713173352,20173872918,20615150370,21271238354,21770797733,23327757798,24596638620,25817363623,27370818629,28547579085,29932122074,30440977105,32106092466,34019389865,35380126920,37380615336,39718159858,41489474674,42784955704,44051138745,43206371385,44891690661,45927803929,47028140821,47586554741,48068670478,49008473396
792,3.63953E+11,3.67325E+11,3.89307E+11,4.20615E+11,3.97668E+11,4.26265E+11,4.56126E+11,4.90467E+11,5.05632E+11,4.88494E+11,5.20931E+11,4.89871E+11,5.21371E+11,5.50611E+11,6.03714E+11,6.58107E+11,7.04897E+11,7.40356E+11,7.46614E+11,7.1149E+11,7.71877E+11,8.57659E+11,8.98741E+11,9.75056E+11,1.02543E+12,1.08784E+12,1.12248E+12,1.206E+12
795,13675293188,13045509942,11093120672,11259517482,9311636693,8641195004,9220154433,8169056775,8749059833,10192654683,10750097503,11217065133,11245913221,11613718342,12194246306,13784420339,15296170883,16987495397,19492691995,20688180725,22583157895,25907368420,28770347969,31694233838,34973368359,37230042122,39538304734,42096289110
796,169792374.1,187285101.7,205678591.6,230196568.8,260162986.1,279232524.7,305793667.3,328562793.9,364300528.4,396159750.9,415566034.5,444840941.7,450014079.8,492035773.5,548136461.6,626924866.8,739094967.9,780774827.4,845358804.7,680088951.4,686787814,718520360.7,700324214.5,709885370.1,757473844.6,802477417.2,837784029.9,873603199.9
798,18950861.53,19634855.59,20182419.03,21012061.62,23172817.67,22013162.45,20700884.94,21864181.3,26178833.7,26039723.14,29512806.6,31268020.86,31644085.33,30661507.87,30147309.3,28906105.23,29741231.93,31628851.82,33873022.08,32473230.01,31395698.91,33742749.62,32432129.76,34024558.94,34425279.49,37602891.22,39815661.77,42179693.25
835,11026326153,11655000781,12066128177,12569067880,12950328623,13411991033,13974937953,14438553222,14975194233,15700060668,16474669622,17462794145,18713752671,20002423941,21568269382,23157827049,24237114020,26288635752,27752017806,29245727473,31105429967,33564161034,35289699124,37852811156,40489310440,43307112607,46324783338,49615770651
800,4729669520,4990072055,5221118187,5589587392,6193460058,6775139643,7196849639,7592630732,8300038085,8848091041,9261982154,10073838217,10784742933,11448960645,12113383043,13325619204,14264990256,15415298935,17022805633,18196409358,19683140499,20838609808,21512685932,22527513723,23552075612,24893208712,25535511871,26812434014
804,2.14891E+11,1.96198E+11,1.76684E+11,1.51556E+11,1.16798E+11,1.02606E+11,92300926762,89542734713,87802038912,87660827168,92824699203,1.01023E+11,1.06417E+11,1.16545E+11,1.30292E+11,1.34293E+11,1.44461E+11,1.5633E+11,1.59837E+11,1.35643E+11,1.36012E+11,1.43446E+11,1.43789E+11,1.4375E+11,1.34331E+11,1.21203E+11,1.24161E+11,1.27296E+11
784,1.16698E+11,1.17702E+11,1.21639E+11,1.23173E+11,1.33769E+11,1.44762E+11,1.53246E+11,1.66503E+11,1.69217E+11,1.76637E+11,1.98216E+11,2.00943E+11,2.05833E+11,2.23947E+11,2.45371E+11,2.57284E+11,2.82594E+11,2.91593E+11,3.009E+11,2.85124E+11,2.89787E+11,3.0987E+11,3.23767E+11,3.40128E+11,3.55089E+11,3.73073E+11,3.84222E+11,3.87259E+11
826,1.61181E+12,1.5943E+12,1.60026E+12,1.6407E+12,1.70436E+12,1.77107E+12,1.81597E+12,1.89393E+12,1.95721E+12,2.02011E+12,2.08988E+12,2.14925E+12,2.20297E+12,2.27654E+12,2.32999E+12,2.40335E+12,2.46459E+12,2.52733E+12,2.51859E+12,2.41163E+12,2.4529E+12,2.49324E+12,2.52932E+12,2.58108E+12,2.65716E+12,2.71958E+12,2.76824E+12,2.81644E+12
840,9.00123E+12,8.99149E+12,9.30821E+12,9.56445E+12,9.94978E+12,1.02169E+13,1.06023E+13,1.10738E+13,1.15701E+13,1.212E+13,1.26203E+13,1.27463E+13,1.29683E+13,1.33393E+13,1.38461E+13,1.43325E+13,1.47417E+13,1.50183E+13,1.49978E+13,1.46173E+13,1.49921E+13,1.52246E+13,1.5567E+13,1.58538E+13,1.62425E+13,1.67105E+13,1.69723E+13,1.73486E+13
858,21977615681,22676598208,24740904426,25385415382,27235785545,26840762701,28333533237,29730666664,31074162814,30471568871,29883508747,28734735234,26512968942,26726474779,28063919619,30157468879,31393517959,33447119134,35847339124,37368559344,40284556645,42364127623,43862996783,45897156084,47383678944,47559365369,48363010139,49647876771
810,1.94871E+12,,,,,,,,,,,,,,,,,,,,,,,,,,,
860,20494574728,20393741433,18109642379,17694074379,16774155576,16623187750,16905782803,17784882800,18567417294,19384383388,20159758820,21066947966,21951757230,22879544694,24585268885,26297301339,28254192203,30932100441,33722939467,36437761576,39525875086,42799179421,46300047341,50016118492,54021161579,58273574068,61889702788,65092943974
548,357680072.4,401059200,398138866,416056331.8,426642542.5,446598158,458036132.8,468896124.8,478904352.7,482691281.1,507844332.7,497428793.4,489073771.3,501967162.5,521982076,549662014.6,596191782.9,627023579.7,667470384.1,689570184.4,700804045.2,709388873.3,721836874,736050896.5,753016969.6,754242147.2,780381722.4,807572254.8
862,2.35347E+11,2.58246E+11,2.73897E+11,2.74652E+11,2.68199E+11,2.78797E+11,2.78245E+11,2.95972E+11,2.96842E+11,2.79119E+11,2.8941E+11,2.99234E+11,2.72734E+11,2.51583E+11,2.97589E+11,3.28294E+11,3.60704E+11,3.92279E+11,4.12982E+11,3.99757E+11,3.93806E+11,4.10253E+11,4.33333E+11,4.39154E+11,4.22051E+11,3.95794E+11,3.30663E+11,2.8437E+11
704,28937895187,30662839153,33313960418,36003304873,39185630474,42924127588,46933250367,50759102725,53685064389,56247338523,60065683378,64207210959,68752965840,73800255199,79362145463,85351803183,91307613440,97817393835,1.03356E+11,1.08935E+11,1.15932E+11,1.23166E+11,1.29629E+11,1.36658E+11,1.44835E+11,1.54509E+11,1.64105E+11,1.75284E+11
887,10103383980,10134814953,10631342675,11063864948,11303258873,13185731990,15892149735,16723446281,17517378489,18307658063,19701289710,20870224068,21923093258,23185204486,24259968699,25506694035,26690371662,27617874290,28726565020,29914353462,30906751818,26243419105,26817248073,27779995269,24833284251,17312545540,14744089606,13867948697
886,9015974645,,,,,,,,,,,,,,,,,,,,,,,,,,,
720,1748756748,,,,,,,,,,,,,,,,,,,,,,,,,,,
890,1.58363E+11,,,,,,,,,,,,,,,,,,,,,,,,,,,
894,8552399403,8385148021,8240007647,8800103538,8041046359,8274060348,8788575581,9123775523,9088587867,9511214958,9881915241,10407311966,10876258351,11631622326,12449603982,13350407399,14405582802,15608799926,16822211770,18373278309,20265400495,21393093980,23018459318,24183049811,25317622400,26057938987,27036939612,27989737108
836,226123797.4,239016423,254890141.6,271180070.3,283851958,293711194.6,340869642.1,360764744.9,365809722.9,393755535.6,407858400.2,445757710.6,483904950.8,512499877.3,545951786.4,572450219.2,606612536,645898552.8,673000273.2,715061032.3,745633095,815288700.6,854791532.6,916669633.6,980494747.8,1043844778,1114802526,1198460018
716,7310150556,7713851529,7171388974,7322734327,7747521618,7760105389,8515471742,8636888126,8679400865,8367187307,7683697380,7668826015,7213361495,6675113161,6431969901,6170635304,5947010377,5752704745,5479939176,9008498117,10141859710,11708344253,13438790137,14181926589,14483588134,14728302000,14818986158,15264516567
