﻿<?xml version="1.0" encoding="UTF-8"?>
<RScript xmlns="http://www.fao.org/rScript" xmlns:xsi="http://www.w3.org/2001/XMLSchema-instance"
	xsi:schemaLocation="http://www.fao.org/rScript rScript.xsd ">
	<Name>Import SUA</Name>
	<Description>Import SUA data from the agriculture production, trade, etc. tables</Description>
	<Category>Computation</Category>
	<Authors>
		<Author>
			<Name>Josh Browning</Name>
			<Mail>joshua.browning@fao.org</Mail>
		</Author>
	</Authors>
	<Params>
    <Param xmlns:xsi="http://www.w3.org/2001/XMLSchema-instance" xsi:type="Number">
            <Code>startYear</Code>
            <Label>First year</Label>
            <Description>The start of the computation period</Description>
            <Compulsory>true</Compulsory>
            <Min>1961</Min>
            <Max>2013</Max>
    </Param>
    <Param xmlns:xsi="http://www.w3.org/2001/XMLSchema-instance" xsi:type="Number">
            <Code>endYear</Code>
            <Label>Last year</Label>
            <Description>The end of the computation period</Description>
            <Compulsory>true</Compulsory>
            <Min>1961</Min>
            <Max>2013</Max>
    </Param>
	</Params>
	<Datasets>
		<MainDataset>
			<Code>sua</Code>
			<SelectableDimensions>
				<SelectableDimension compulsory="true">geographicAreaM49</SelectableDimension>
				<SelectableDimension compulsory="true">measuredElementSuaFbs</SelectableDimension>
				<SelectableDimension compulsory="true">measuredItemSuaFbs</SelectableDimension>
				<SelectableDimension compulsory="true">timePointYears</SelectableDimension>
			</SelectableDimensions>
		</MainDataset>
	</Datasets>
	<InteractiveValidation>false</InteractiveValidation>
	<Background>false</Background>
</RScript>